{
  "hash": "d08befaf",
  "configHash": "5d5b8a46",
  "lockfileHash": "938d8aa0",
  "browserHash": "db129821",
  "optimized": {
    "@angular/core": {
      "src": "../../../../../../node_modules/@angular/core/fesm2022/core.mjs",
      "file": "@angular_core.js",
      "fileHash": "039492be",
      "needsInterop": false
    },
    "@angular/platform-browser": {
      "src": "../../../../../../node_modules/@angular/platform-browser/fesm2022/platform-browser.mjs",
      "file": "@angular_platform-browser.js",
      "fileHash": "3cecad03",
      "needsInterop": false
    },
    "@angular/router": {
      "src": "../../../../../../node_modules/@angular/router/fesm2022/router.mjs",
      "file": "@angular_router.js",
      "fileHash": "ae38f43b",
      "needsInterop": false
    }
  },
  "chunks": {
    "chunk-Z6CVJKLE": {
      "file": "chunk-Z6CVJKLE.js"
    },
    "chunk-2M4UMX5N": {
      "file": "chunk-2M4UMX5N.js"
    }
  }
}